name,company,address,city,state,zipcode,email,mobile
nique, wyncode, 9854 nob hill ln, sunrise, fl, 33351, d.p.miller@gmail.com, 954-213-3460
alex, wyncode, 9854 nob hill ln, sunrise, fl, 33331, d.p.miller@gmail.com, 954-213-3460
jim, wyncode, 9854 nob hill ln, sunrise, fl, 33333, d.p.miller@gmail.com, 954-213-3460
john, wyncode, 9854 nob hill ln, davie, fl, 33351, d.p.miller@gmail.com, 954-213-3460
steve, wyncode, 9854 nob hill ln, weston, fl, 33332, d.p.miller@gmail.com, 954-213-3460
katlyn, wyncode, 9854 nob hill ln, plantation, fl, 33351, d.p.miller@gmail.com, 954-213-3460
beth, wyncode, 9854 nob hill ln, sunrise, fl, 33351, d.p.miller@gmail.com, 954-213-3460
seth, wyncode, 9854 nob hill ln, davie, fl, 33351, d.p.miller@gmail.com, 954-213-3460
eric, wyncode, 9854 nob hill ln, weston, fl, 33351, d.p.miller@gmail.com, 954-213-3460
dominique, wyncode, 9854 nob hill ln, sunrise, fl, 33351, d.p.miller@gmail.com, 954-213-3460
